{
  "accuracy": 0.9965931213497728,
  "precision": 0.9964570416297609,
  "recall": 0.9942554131683606,
  "f1_score": 0.9953550099535501,
  "roc_auc": 0.9987697048571681,
  "confusion_matrix": [
    [
      3893,
      8
    ],
    [
      13,
      2250
    ]
  ],
  "model_type": "gradient_boosting",
  "timestamp": "2025-10-30T19:35:39.244880"
}