{
  "accuracy": 0.9961064243997404,
  "precision": 0.999553770638108,
  "recall": 0.9898365002209456,
  "f1_score": 0.9946714031971581,
  "roc_auc": 0.9998022193794877,
  "confusion_matrix": [
    [
      3900,
      1
    ],
    [
      23,
      2240
    ]
  ],
  "model_type": "random_forest",
  "timestamp": "2025-10-30T19:33:54.289177"
}