{
  "accuracy": 0.9967553536664504,
  "precision": 0.9973392461197339,
  "recall": 0.993813521873619,
  "f1_score": 0.9955732625055335,
  "roc_auc": 0.9988419752099097,
  "confusion_matrix": [
    [
      3895,
      6
    ],
    [
      14,
      2249
    ]
  ],
  "model_type": "logistic_regression",
  "timestamp": "2025-10-30T19:35:41.785494"
}